{
    "BEST_SVM_THRESHOLD": 0.15151515151515152,
    "BEST_COSINE_THRESHOLD": 0.24286592422474282
}